movie_title,actor_name
Batman Begins,Christian Bale
Batman Begins,Michael Caine
Batman Begins,Ken Watanabe
The Batman,Robert Pattinson
The Batman,Zoë Kravitz
The Batman,Jeffrey Wright
Batman v Superman: Dawn of Justice,Ben Affleck
Batman v Superman: Dawn of Justice,Henry Cavill
Batman v Superman: Dawn of Justice,Amy Adams
Batman,Michael Keaton
Batman,Jack Nicholson
Batman,Kim Basinger
Batman Returns,Michael Keaton
Batman Returns,Danny DeVito
Batman Returns,Michelle Pfeiffer
Batman & Robin,Arnold Schwarzenegger
Batman & Robin,George Clooney
Batman & Robin,Chris O'Donnell
Batman Forever,Val Kilmer
Batman Forever,Tommy Lee Jones
Batman Forever,Jim Carrey
The Lego Batman Movie,Will Arnett
The Lego Batman Movie,Michael Cera
The Lego Batman Movie,Rosario Dawson
Batman v Superman: Dawn of Justice (Ultimate Edition),Amy Adams
Batman v Superman: Dawn of Justice (Ultimate Edition),Ben Affleck
Batman v Superman: Dawn of Justice (Ultimate Edition),Henry Cavill
Batman: The Killing Joke,Kevin Conroy
Batman: The Killing Joke,Mark Hamill
Batman: The Killing Joke,Tara Strong
Batman: Mask of the Phantasm,Kevin Conroy
Batman: Mask of the Phantasm,Dana Delany
Batman: Mask of the Phantasm,Hart Bochner
Batman: Under the Red Hood,Bruce Greenwood
Batman: Under the Red Hood,Jensen Ackles
Batman: Under the Red Hood,John DiMaggio
Batman: Under the Red Hood,Neil Patrick Harris
Batman: The Dark Knight Returns  Part 1,Peter Weller
Batman: The Dark Knight Returns  Part 1,Ariel Winter
Batman: The Dark Knight Returns  Part 1,David Selby
Batman: The Dark Knight Returns  Part 1,Wade Williams
Batman: The Dark Knight Returns  Part 2,Peter Weller
Batman: The Dark Knight Returns  Part 2,Ariel Winter
Batman: The Dark Knight Returns  Part 2,Michael Emerson
Batman: The Dark Knight Returns  Part 2,David Selby
Batman: The Movie,Adam West
Batman: The Movie,Burt Ward
Batman: The Movie,Lee Meriwether
Son of Batman,Jason O'Mara
Son of Batman,Stuart Allan
Son of Batman,Thomas Gibson
Batman: Year One,Bryan Cranston
Batman: Year One,Ben McKenzie
Batman: Year One,Eliza Dushku
Batman: Year One,Jon Polito
Batman: Assault on Arkham,Kevin Conroy
Batman: Assault on Arkham,Neal McDonough
Batman: Assault on Arkham,Hynden Walch
Batman: Assault on Arkham,Matthew Gray Gubler
Batman: Gotham Knight,Kevin Conroy
Batman: Gotham Knight,Jason Marsden
Batman: Gotham Knight,Scott Menville
Batman: Gotham Knight,George Newbern
Superman/Batman: Apocalypse,Andre Braugher
Superman/Batman: Apocalypse,Kevin Conroy
Superman/Batman: Apocalypse,Tim Daly
Superman/Batman: Apocalypse,Susan Eisenberg
Batman Beyond: Return of the Joker,Will Friedle
Batman Beyond: Return of the Joker,Kevin Conroy
Batman Beyond: Return of the Joker,Mark Hamill
Batman Beyond: Return of the Joker,Angie Harmon
Batman Ninja,Kôichi Yamadera
Batman Ninja,Wataru Takagi
Batman Ninja,Ai Kakuma
Superman/Batman: Public Enemies,Clancy Brown
Superman/Batman: Public Enemies,Kevin Conroy
Superman/Batman: Public Enemies,Tim Daly
Superman/Batman: Public Enemies,Xander Berkeley
Batman: The Long Halloween  Part One,Jensen Ackles
Batman: The Long Halloween  Part One,Josh Duhamel
Batman: The Long Halloween  Part One,Naya Rivera
Batman: Bad Blood,Jason O'Mara
Batman: Bad Blood,Yvonne Strahovski
Batman: Bad Blood,Stuart Allan
Batman: Bad Blood,Sean Maher
Batman vs. Robin,Stuart Allan
Batman vs. Robin,Troy Baker
Batman vs. Robin,Kevin Conroy
Batman vs. Robin,Trevor Devall
Batman: Gotham by Gaslight,Bruce Greenwood
Batman: Gotham by Gaslight,Jennifer Carpenter
Batman: Gotham by Gaslight,Chris Cox
Batman: The Long Halloween  Part Two,Jensen Ackles
Batman: The Long Halloween  Part Two,Josh Duhamel
Batman: The Long Halloween  Part Two,Naya Rivera
Batman and Harley Quinn,Kevin Conroy
Batman and Harley Quinn,Melissa Rauch
Batman and Harley Quinn,Paget Brewster
Batman: Hush,Jason O'Mara
Batman: Hush,Jennifer Morrison
Batman: Hush,Stuart Allan
Batman: Hush,Sachie Alessio
Batman & Mr. Freeze: SubZero,Kevin Conroy
Batman & Mr. Freeze: SubZero,Michael Ansara
Batman & Mr. Freeze: SubZero,Loren Lester
Batman & Mr. Freeze: SubZero,Efrem Zimbalist Jr.
Batman: Mystery of the Batwoman,Kevin Conroy
Batman: Mystery of the Batwoman,Kimberly Brooks
Batman: Mystery of the Batwoman,Kelly Ripa
Batman: Mystery of the Batwoman,Elisa Gabrielli
The Batman Superman Movie: World's Finest,Tim Daly
The Batman Superman Movie: World's Finest,Dana Delany
The Batman Superman Movie: World's Finest,Kevin Conroy
Batman vs Teenage Mutant Ninja Turtles,Troy Baker
Batman vs Teenage Mutant Ninja Turtles,Eric Bauza
Batman vs Teenage Mutant Ninja Turtles,Darren Criss
Batman vs Teenage Mutant Ninja Turtles,Kyle Mooney
The Batman vs. Dracula,Rino Romano
The Batman vs. Dracula,Peter Stormare
The Batman vs. Dracula,Tara Strong
The Batman vs. Dracula,Tom Kenny
Batman: Soul of the Dragon,David Giuntoli
Batman: Soul of the Dragon,Mark Dacascos
Batman: Soul of the Dragon,Kelly Hu
Batman Beyond: The Movie,Will Friedle
Batman Beyond: The Movie,Kevin Conroy
Batman Beyond: The Movie,Teri Garr
Batman: Return of the Caped Crusaders,Adam West
Batman: Return of the Caped Crusaders,Burt Ward
Batman: Return of the Caped Crusaders,Julie Newmar
Batman: Dead End,Clark Bartram
Batman: Dead End,Andrew Koenig
Batman: Dead End,Kurt Carley
Lego Batman: The Movie - DC Super Heroes Unite,Clancy Brown
Lego Batman: The Movie - DC Super Heroes Unite,Troy Baker
Lego Batman: The Movie - DC Super Heroes Unite,Christopher Corey Smith
Lego Batman: The Movie - DC Super Heroes Unite,Charlie Schlatter
Merry Little Batman,Luke Wilson
Merry Little Batman,Yonas Kibreab
Merry Little Batman,James Cromwell
Batman vs. Two-Face,Adam West
Batman vs. Two-Face,Burt Ward
Batman vs. Two-Face,William Shatner
Batman vs. Two-Face,Julie Newmar
Batman: The Long Halloween,Jensen Ackles
Batman: The Long Halloween,Laila Berzins
Batman: The Long Halloween,Frances Callier
Batman Unlimited: Animal Instincts,Roger Craig Smith
Batman Unlimited: Animal Instincts,Chris Diamantopoulos
Batman Unlimited: Animal Instincts,Will Friedle
Batman Unlimited: Animal Instincts,Charlie Schlatter
Scooby-Doo & Batman: The Brave and the Bold,Frank Welker
Scooby-Doo & Batman: The Brave and the Bold,Grey Griffin
Scooby-Doo & Batman: The Brave and the Bold,Matthew Lillard
Batman,Lewis Wilson
Batman,Douglas Croft
Batman,J. Carrol Naish
Batman Unlimited: Monster Mayhem,Troy Baker
Batman Unlimited: Monster Mayhem,Eric Bauza
Batman Unlimited: Monster Mayhem,Steve Blum
Batman Unlimited: Monster Mayhem,Janell Cox
Batman Beyond,Kevin Conroy
Batman Beyond,Will Friedle
Batman & Bill,Thomas Andrae
Batman & Bill,Jerry Bails
Batman & Bill,Otto Binder
Inception,Leonardo DiCaprio
Inception,Joseph Gordon-Levitt
Inception,Elliot Page
Inception: The Cobol Job,Leonardo DiCaprio
Inception: The Cobol Job,Joseph Gordon-Levitt
Inception: The Cobol Job,Lukas Haas
The Crack: Inception,Carlos Santos
The Crack: Inception,Miguel Ángel Muñoz
The Crack: Inception,Luisa Gavasa
Inception: Jump Right Into the Action,Leonardo DiCaprio
Inception: Jump Right Into the Action,Joseph Gordon-Levitt
Inception: Jump Right Into the Action,Christopher Nolan
Inception,Erfan Refahatnia
Inception,Danial Hajibarat
Inception,Shahrzad Nouri
Madness Inception,Gal Gado
Madness Inception,Steve Seaga
Inception: 4Movie Premiere Special,Rick Edwards
WWA: The Inception,Bret Hart
WWA: The Inception,Jeff Jarrett
WWA: The Inception,Brian James
WWA: The Inception,David Heath
Cyberalien: Inception,Viktor Acidhouse
Bikini Inception,Paizley Bishop
Bikini Inception,Byamba
Bikini Inception,Taylor Conzelman
Inception: In 60 Seconds,Nadav Elovic
Inception: In 60 Seconds,Omer Goldberg
Inception: In 60 Seconds,Ben Oringer
Insha Allah - An inception at closure,Menaga
Insha Allah - An inception at closure,Mohan
On Inception (TOI and MOI),Can Babatas
On Inception (TOI and MOI),Liem Duong
On Inception (TOI and MOI),Alex Sebastian Laibach
Needle Drop Inception,Christopher Tyson
Needle Drop Inception,Paul Burke
Needle Drop Inception,Ksenia Thurgood
Needle Drop Inception,Satine Scarlett Montaz
Inception of a lost Art,Alexia Jordan
Inception of a lost Art,Philip Lombardo
Inception (Sweded),Elisha Courts
Inception (Sweded),Marco Duran
Inception (Sweded),Mark Farmwald
Inception (Sweded),Keaton Monger
Fraud in the Inception: Who killed Robert Hamlin and Dorothy Grega,Sky Anderson
Fraud in the Inception: Who killed Robert Hamlin and Dorothy Grega,Janet Christensen-Obrien
Fraud in the Inception: Who killed Robert Hamlin and Dorothy Grega,Avis Hamlin
Inception of Chaos,Peter Benjamin
Inception of Chaos,Matthew Bradley
Inception of Chaos,Robert Davidson
Tu Tengo: Victoria's Inception,Benjamin Allred
Tu Tengo: Victoria's Inception,Rosalind Beard
Tu Tengo: Victoria's Inception,Dinah Bradford
Cirque Inception,Helena Chamma Palau
Inception Hanukkah,Jon Bander
Inception Hanukkah,Emily Shapiro
Inception Hanukkah,Dave Thunder
The Inception,Kesavan Alath
The Inception,Fayiza Kutty
The Inception,Sarath Sabha
Synesthesia: The Red (Part One: The Inception),Naphtali Brooks
Alien Inception,Jeff Lennan
Alien Inception,Jeff Lennan
Alien Inception,Kyler Lennan
Inception Premiere,Tera Hendrickson
Inception Premiere,Johnny Marr
Inception Premiere,Hans Zimmer
X - Inception,Cansu Gamze Durmus
X - Inception,Hazar Deniz BG
X - Inception,Memet Roj
I Forgot the Notations which were Excellent for the Inception of a Poem...,Sobhan Babaei
I Forgot the Notations which were Excellent for the Inception of a Poem...,Ghazal Monemi
Inception of Silence,Wojtylla Danditya Geharnoto
Inception of Silence,Mai-Lan Vu
Inception of Silence,Vengi
Inception of 001,John Geiger
The Inception of Attack Ads,Nat Freeberg
The Inception of Attack Ads,Kent Kincannon
The Inception of Attack Ads,Matt Mayer
The Inception of Attack Ads,Mark Phillips
Announcement Inception,John Williamson
Inception,Bill Corbett
Inception,Kevin Murphy
Inception,Michael J. Nelson
Blade Runner,Harrison Ford
Blade Runner,Rutger Hauer
Blade Runner,Sean Young
Blade Runner 2049,Harrison Ford
Blade Runner 2049,Ryan Gosling
Blade Runner 2049,Ana de Armas
Blade Runner: Black Out 2022,Jovan Jackson
Blade Runner: Black Out 2022,Luci Christian
Blade Runner: Black Out 2022,Bryson Baugus
Blade Runner: Black Out 2022,Edward James Olmos
Dangerous Days: Making Blade Runner,Daryl Hannah
Dangerous Days: Making Blade Runner,Michael Deeley
Dangerous Days: Making Blade Runner,Harrison Ford
Dangerous Days: Making Blade Runner,Joanna Cassidy
Oscar Pistorius: Blade Runner Killer,Andreas Damm
Oscar Pistorius: Blade Runner Killer,Toni Garrn
Oscar Pistorius: Blade Runner Killer,Timothy Davis
On the Edge of 'Blade Runner',Mark Kermode
On the Edge of 'Blade Runner',Brian Aldiss
On the Edge of 'Blade Runner',Michael Arick
Phenomenon Blade Runner,Joanna Cassidy
Phenomenon Blade Runner,Harrison Ford
Phenomenon Blade Runner,Ryan Gosling
Blade Runner,Nicolas Lees
Blade Runner: Deleted and Alternate Scenes,Ben Astar
Blade Runner: Deleted and Alternate Scenes,Joanna Cassidy
Blade Runner: Deleted and Alternate Scenes,Harrison Ford
Blade Runner: Deleted and Alternate Scenes,Daryl Hannah
Blade Runner 2049: To Be Human: - Casting Blade Runner 2049,Dave Bautista
Blade Runner 2049: To Be Human: - Casting Blade Runner 2049,Mackenzie Davis
Blade Runner 2049: To Be Human: - Casting Blade Runner 2049,Ana de Armas
Blade Runner 2049: To Be Human: - Casting Blade Runner 2049,Harrison Ford
Blade Runner 60: Director's Cut,George Xander
Blade Runner 60: Director's Cut,Catherine Adams
Blade Runner 60: Director's Cut,Lawrence Carmichael
Blade Runner 2049 Movie Special,Ryan Gosling
Blade Runner 2049 Movie Special,Jared Leto
Blade Runner 2049 Movie Special,Ana de Armas
The Making of 'Blade Runner',Stu Rich
The Making of 'Blade Runner',Rutger Hauer
Designing the World of Blade Runner 2049,Andrew A. Kosove
Designing the World of Blade Runner 2049,Denis Villeneuve
Designing the World of Blade Runner 2049,Ridley Scott
Designing the World of Blade Runner 2049,Harrison Ford
Blade Runner(s),Harley Castro
Blade Runner(s),Brian C. Chenworth
Blade Runner(s),Edward Kasper
Blade Runner 101,Harrison Ford
Blade Runner 101,Ryan Gosling
Blade Runner 101,Denis Villeneuve
The Blade Runner Holiday Special,Daniel Van Kirk
The Blade Runner Holiday Special,Hartley Sawyer
The Blade Runner Holiday Special,Alison Haislip
Blade Runner: Plastic Sausage,Kurt Affair
Blade Runner: Plastic Sausage,Michael Blemp
Blade Runner: Plastic Sausage,David Drogden
Blade Runner 2049: Two Become One,Harrison Ford
Blade Runner 2049: Two Become One,Ryan Gosling
Blade Runner 2049: Two Become One,Denis Villeneuve
Blade Runner 2019,Robert Beaucage
Blade Runner 2019,Chris Schwartz
Blade Runner 2019,Ricky Dean Logan
Fights of the Future: The Action of 'Blade Runner 2049',Harrison Ford
Fights of the Future: The Action of 'Blade Runner 2049',Ryan Gosling
Fights of the Future: The Action of 'Blade Runner 2049',Denis Villeneuve
Dressing the Skin: The Fashion of 'Blade Runner 2049',Harrison Ford
Dressing the Skin: The Fashion of 'Blade Runner 2049',Ryan Gosling
Dressing the Skin: The Fashion of 'Blade Runner 2049',Denis Villeneuve
Blade Runner: Convention Reel,Syd Mead
Blade Runner: Convention Reel,Ridley Scott
Blade Runner: Convention Reel,Douglas Trumbull
Blade Runner: On the Set,Harrison Ford
Blade Runner: On the Set,Rutger Hauer
Blade Runner: On the Set,Ridley Scott
Blade Runner: On the Set,Sean Young
Blade Runner par Johanna Vaude,Joe Turkel
Episode 49: &quot;Blade Runner&quot; (1982) Movie Review,Yancy Eaton
Episode 49: &quot;Blade Runner&quot; (1982) Movie Review,Chris McBrien
Episode 49: &quot;Blade Runner&quot; (1982) Movie Review,Derek Myers
Blade Runner Story,Harri For
Blade Runner Story,Sydne Sween
Barbie,Margot Robbie
Barbie,Ryan Gosling
Barbie,Issa Rae
Barbie as The Princess and the Pauper,Kelly Sheridan
Barbie as The Princess and the Pauper,Melissa Lyons
Barbie as The Princess and the Pauper,Julie Stevens
Barbie as The Princess and the Pauper,Mark Hildreth
Barbie in the Nutcracker,Kelly Sheridan
Barbie in the Nutcracker,Kirby Morrow
Barbie in the Nutcracker,Tim Curry
Barbie in the Nutcracker,Peter Kelamis
Barbie as Rapunzel,Kelly Sheridan
Barbie as Rapunzel,Anjelica Huston
Barbie as Rapunzel,Cree Summer
Barbie as Rapunzel,Ian James Corlett
Barbie of Swan Lake,Kelly Sheridan
Barbie of Swan Lake,Mark Hildreth
Barbie of Swan Lake,Kelsey Grammer
Barbie of Swan Lake,Maggie Wheeler
Barbie in the 12 Dancing Princesses,Kelly Sheridan
Barbie in the 12 Dancing Princesses,Catherine O'Hara
Barbie in the 12 Dancing Princesses,Nicole Oliver
Barbie in the 12 Dancing Princesses,Jennifer Copping
Barbie and the Magic of Pegasus 3-D,Kelly Sheridan
Barbie and the Magic of Pegasus 3-D,Kathleen Barr
Barbie and the Magic of Pegasus 3-D,Lalainia Lindbjerg
Barbie and the Magic of Pegasus 3-D,Colin Murdock
Barbie: Fairytopia,Kelly Sheridan
Barbie: Fairytopia,Lee Tockar
Barbie: Fairytopia,Tabitha St. Germain
Barbie: Fairytopia,Kathleen Barr
Barbie: The Princess & the Popstar,Kelly Sheridan
Barbie: The Princess & the Popstar,Jennifer Waris
Barbie: The Princess & the Popstar,Ashleigh Ball
Barbie as the Island Princess,Kelly Sheridan
Barbie as the Island Princess,Melissa Lyons
Barbie as the Island Princess,Alessandro Juliani
Barbie as the Island Princess,Christopher Gaze
Barbie Fairytopia: Mermaidia,Kelly Sheridan
Barbie Fairytopia: Mermaidia,Lee Tockar
Barbie Fairytopia: Mermaidia,Christopher Gaze
Barbie Fairytopia: Mermaidia,Kathleen Barr
Barbie and the Diamond Castle,Kelly Sheridan
Barbie and the Diamond Castle,Melissa Lyons
Barbie and the Diamond Castle,Cassidy Ladden
Barbie and the Diamond Castle,Chantal Strand
Barbie and the Three Musketeers,Kelly Sheridan
Barbie and the Three Musketeers,Tim Curry
Barbie and the Three Musketeers,Kira Tozer
Barbie and the Three Musketeers,Willow Johnson
Barbie in the Pink Shoes,Kelly Sheridan
Barbie in the Pink Shoes,Katie Crown
Barbie in the Pink Shoes,Ali Liebert
Barbie and the Secret Door,Kelly Sheridan
Barbie and the Secret Door,Brittany McDonald
Barbie and the Secret Door,Ashleigh Ball
Barbie in a Mermaid Tale,Kelly Sheridan
Barbie in a Mermaid Tale,Kathleen Barr
Barbie in a Mermaid Tale,Tabitha St. Germain
Barbie in a Mermaid Tale,Peter Mel
Barbie Mariposa and The Fairy Princess,Kelly Sheridan
Barbie Mariposa and The Fairy Princess,Maryke Hendrikse
Barbie Mariposa and The Fairy Princess,Tabitha St. Germain
Barbie: Princess Charm School,Diana Kaarina
Barbie: Princess Charm School,Morwenna Banks
Barbie: Princess Charm School,Nicole Oliver
Barbie: Princess Charm School,Brittney Wilson
Barbie Mariposa and Her Butterfly Fairy Friends,Chiara Zanni
Barbie Mariposa and Her Butterfly Fairy Friends,Tabitha St. Germain
Barbie Mariposa and Her Butterfly Fairy Friends,Kathleen Barr
Barbie Mariposa and Her Butterfly Fairy Friends,Erin Mathews
Barbie in 'A Christmas Carol',Kelly Sheridan
Barbie in 'A Christmas Carol',Morwenna Banks
Barbie in 'A Christmas Carol',Melissa Lyons
Barbie in 'A Christmas Carol',Prudence Edwards
Barbie Fairytopia: Magic of the Rainbow,Kelly Sheridan
Barbie Fairytopia: Magic of the Rainbow,Lee Tockar
Barbie Fairytopia: Magic of the Rainbow,Kathleen Barr
Barbie Fairytopia: Magic of the Rainbow,Christopher Gaze
Barbie: A Fashion Fairytale,Diana Kaarina
Barbie: A Fashion Fairytale,Adrian Petriw
Barbie: A Fashion Fairytale,Tabitha St. Germain
Barbie: A Fashion Fairytale,Patricia Drake
Barbie Diaries,Kelly Sheridan
Barbie Diaries,Sarah Edmondson
Barbie Diaries,Venus Terzo
Barbie Diaries,Chiara Zanni
The Shrimp on the Barbie,Cheech Marin
The Shrimp on the Barbie,Emma Samms
The Shrimp on the Barbie,Vernon Wells
Barbie Presents: Thumbelina,Kelly Sheridan
Barbie Presents: Thumbelina,Anna Cummer
Barbie Presents: Thumbelina,Kelly Metzger
Barbie Presents: Thumbelina,Tabitha St. Germain
Barbie: A Fairy Secret,Diana Kaarina
Barbie: A Fairy Secret,Adrian Petriw
Barbie: A Fairy Secret,Britt Irvin
Barbie: A Fairy Secret,Cassandra Lee Morris
Barbie in a Mermaid Tale 2,Kelly Sheridan
Barbie in a Mermaid Tale 2,Ashleigh Ball
Barbie in a Mermaid Tale 2,Kathleen Barr
Barbie in a Mermaid Tale 2,Nicole Oliver
Barbie in Rock 'N Royals,Kelly Sheridan
Barbie in Rock 'N Royals,Chiara Zanni
Barbie in Rock 'N Royals,Bethany Brown
Barbie in Princess Power,Kelly Sheridan
Barbie in Princess Power,Britt Irvin
Barbie in Princess Power,Michael Kopsa
Barbie: Star Light Adventure,Erica Lindbeck
Barbie: Star Light Adventure,Robbie Daymond
Barbie: Star Light Adventure,Kimberly Woods
Barbie: The Pearl Princess,Kelly Sheridan
Barbie: The Pearl Princess,Katie Crown
Barbie: The Pearl Princess,Mark Oliver
Barbie: The Pearl Princess,Rebecca Shoichet
Barbie: A Perfect Christmas,Diana Kaarina
Barbie: A Perfect Christmas,Jennifer Waris
Barbie: A Perfect Christmas,Rachel Drance
Barbie: A Perfect Christmas,Nevada Brandt
Barbie & Her Sisters in a Pony Tale,Kelly Sheridan
Barbie & Her Sisters in a Pony Tale,Kazumi Evans
Barbie & Her Sisters in a Pony Tale,Claire Margaret Corlett
Barbie & Her Sisters in a Pony Tale,Ashlyn Drummond
Barbie: Spy Squad,Erica Lindbeck
Barbie: Spy Squad,Stephanie Sheh
Barbie: Spy Squad,Jenny Pellicer
Barbie: Spy Squad,Alyssya Swales
Barbie Princess Adventure,Ogie Banks
Barbie Princess Adventure,Eamon Brennan
Barbie Princess Adventure,Nakia Burrise
Black Barbie: A Documentary,Lagueria Davis
Black Barbie: A Documentary,Beulah Mae Mitchell
Black Barbie: A Documentary,Maxine Waters
Barbie: Dolphin Magic,Erica Lindbeck
Barbie: Dolphin Magic,Shannon Chan-Kent
Barbie: Dolphin Magic,Kazumi Evans
Barbie: Dolphin Magic,Claire Margaret Corlett
Barbie: Big City  Big Dreams,America Young
Barbie: Big City  Big Dreams,Amber May
Barbie: Big City  Big Dreams,Greg Chun
Barbie & Her Sisters in the Great Puppy Adventure,Kelly Sheridan
Barbie & Her Sisters in the Great Puppy Adventure,Kazumi Evans
Barbie & Her Sisters in the Great Puppy Adventure,Claire Margaret Corlett
Barbie & Her Sisters in the Great Puppy Adventure,Alyssya Swales
Barbie Video Game Hero,Erica Lindbeck
Barbie Video Game Hero,Sienna Bohn
Barbie Video Game Hero,Shannon Chan-Kent
Barbie Video Game Hero,Michael Dobson
Aqua: Barbie Girl,Aqua
Aqua: Barbie Girl,René Dif
Aqua: Barbie Girl,Claus Norreen
Aqua: Barbie Girl,Lene Nystrøm
Tiny Shoulders  Rethinking Barbie,Ruth Handler
Tiny Shoulders  Rethinking Barbie,Richard Dickson
Tiny Shoulders  Rethinking Barbie,Kristina Duncan
Barbie: Mermaid Power,Johnny Yong Bosch
Barbie: Mermaid Power,Tiana Camacho
Barbie: Mermaid Power,Kirsten Day
Barbie and the Rockers: Out of This World,Sharon Lewis
Barbie and the Rockers: Out of This World,Debbie Lick
Barbie and the Rockers: Out of This World,Viktoria Langton
Barbie,Lee Cheon-hee
Barbie,Kim Sae-ron
Barbie,Ah-ron Kim
Barbie & Her Sisters in a Puppy Chase,Alex Barima
Barbie & Her Sisters in a Puppy Chase,Kathleen Barr
Barbie & Her Sisters in a Puppy Chase,Natasha Calis
Barbie & Her Sisters in a Puppy Chase,Alice Campbell
Barbie: Skipper and the Big Babysitting Adventure,Kirsten Day
Barbie: Skipper and the Big Babysitting Adventure,Ogie Banks
Barbie: Skipper and the Big Babysitting Adventure,Laila Berzins
Barbie & Kendra Storm Area 51,Jill Bartlett
Barbie & Kendra Storm Area 51,Patrick Bristow
Barbie & Kendra Storm Area 51,Cody Renee Cameron
Barbie & Her Sisters in a Pony Tale,Kelly Sheridan
Barbie & Her Sisters in a Pony Tale,Kazumi Evans
Barbie & Her Sisters in a Pony Tale,Claire Corlett
Barbie & Her Sisters in a Pony Tale,Ashlyn Drummond
Mindhunter,John Douglas
Mindhunter,Donald Harvey
Mindhunter,Joseph Kondro
True Detective: Matthew McConaughey Out Takes,Pete Handelman
Making True Detective,Nic Pizzolatto
Making True Detective,Woody Harrelson
Making True Detective,Matthew McConaughey
True Detective: Yellow King Theory,Cullen Crawford
True Detective Pikachu,Alynna Agnew
True Detective Pikachu,Brandi Ball
True Detective Pikachu,Bill Bria
Samurai Detective Onihei: True Master,Shôhei Hino
Samurai Detective Onihei: True Master,Yuri Nakamura
Samurai Detective Onihei: True Master,Atsuko Sendô
